{
  "version": "2.0",
  "service": "<p>The Amplify UI Builder API provides a programmatic interface for creating and configuring user interface (UI) component libraries and themes for use in your Amplify applications. You can then connect these UI components to an application's backend Amazon Web Services resources.</p> <p>You can also use the Amplify Studio visual designer to create UI components and model data for an app. For more information, see <a href=\"https://docs.amplify.aws/console/adminui/intro\">Introduction</a> in the <i>Amplify Docs</i>.</p> <p>The Amplify Framework is a comprehensive set of SDKs, libraries, tools, and documentation for client app development. For more information, see the <a href=\"https://docs.amplify.aws/\">Amplify Framework</a>. For more information about deploying an Amplify application to Amazon Web Services, see the <a href=\"https://docs.aws.amazon.com/amplify/latest/userguide/welcome.html\">Amplify User Guide</a>.</p>",
  "operations": {
    "CreateComponent": "<p>Creates a new component for an Amplify app.</p>",
    "CreateForm": "<p>Creates a new form for an Amplify app.</p>",
    "CreateTheme": "<p>Creates a theme to apply to the components in an Amplify app.</p>",
    "DeleteComponent": "<p>Deletes a component from an Amplify app.</p>",
    "DeleteForm": "<p>Deletes a form from an Amplify app.</p>",
    "DeleteTheme": "<p>Deletes a theme from an Amplify app.</p>",
    "ExchangeCodeForToken": "<p>Exchanges an access code for a token.</p>",
    "ExportComponents": "<p>Exports component configurations to code that is ready to integrate into an Amplify app.</p>",
    "ExportForms": "<p>Exports form configurations to code that is ready to integrate into an Amplify app.</p>",
    "ExportThemes": "<p>Exports theme configurations to code that is ready to integrate into an Amplify app.</p>",
    "GetComponent": "<p>Returns an existing component for an Amplify app.</p>",
    "GetForm": "<p>Returns an existing form for an Amplify app.</p>",
    "GetMetadata": "<p>Returns existing metadata for an Amplify app.</p>",
    "GetTheme": "<p>Returns an existing theme for an Amplify app.</p>",
    "ListComponents": "<p>Retrieves a list of components for a specified Amplify app and backend environment.</p>",
    "ListForms": "<p>Retrieves a list of forms for a specified Amplify app and backend environment.</p>",
    "ListThemes": "<p>Retrieves a list of themes for a specified Amplify app and backend environment.</p>",
    "PutMetadataFlag": "<p>Stores the metadata information about a feature on a form or view.</p>",
    "RefreshToken": "<p>Refreshes a previously issued access token that might have expired.</p>",
    "UpdateComponent": "<p>Updates an existing component.</p>",
    "UpdateForm": "<p>Updates an existing form.</p>",
    "UpdateTheme": "<p>Updates an existing theme.</p>"
  },
  "shapes": {
    "ActionParameters": {
      "base": "<p>Represents the event action configuration for an element of a <code>Component</code> or <code>ComponentChild</code>. Use for the workflow feature in Amplify Studio that allows you to bind events and actions to components. <code>ActionParameters</code> defines the action that is performed when an event occurs on the component.</p>",
      "refs": {
        "ComponentEvent$parameters": "<p>Describes information about the action.</p>"
      }
    },
    "Boolean": {
      "base": null,
      "refs": {
        "ComponentProperty$configured": "<p>Specifies whether the user configured the property in Amplify Studio after importing it.</p>",
        "FieldConfig$excluded": "<p>Specifies whether to hide a field.</p>",
        "FieldInputConfig$defaultChecked": "<p>Specifies whether a field has a default value.</p>",
        "FieldInputConfig$isArray": "<p>Specifies whether to render the field as an array. This property is ignored if the <code>dataSourceType</code> for the form is a Data Store.</p>",
        "FieldInputConfig$readOnly": "<p>Specifies a read only field.</p>",
        "FieldInputConfig$required": "<p>Specifies a field that requires input.</p>",
        "FormButton$excluded": "<p>Specifies whether the button is visible on the form.</p>"
      }
    },
    "Component": {
      "base": "<p>Contains the configuration settings for a user interface (UI) element for an Amplify app. A component is configured as a primary, stand-alone UI element. Use <code>ComponentChild</code> to configure an instance of a <code>Component</code>. A <code>ComponentChild</code> instance inherits the configuration of the main <code>Component</code>.</p>",
      "refs": {
        "ComponentList$member": null,
        "CreateComponentResponse$entity": "<p>Describes the configuration of the new component.</p>",
        "GetComponentResponse$component": "<p>Represents the configuration settings for the component.</p>",
        "UpdateComponentResponse$entity": "<p>Describes the configuration of the updated component.</p>"
      }
    },
    "ComponentBindingProperties": {
      "base": null,
      "refs": {
        "Component$bindingProperties": "<p>The information to connect a component's properties to data at runtime. You can't specify <code>tags</code> as a valid property for <code>bindingProperties</code>.</p> <p/>",
        "CreateComponentData$bindingProperties": "<p>The data binding information for the component's properties.</p>",
        "UpdateComponentData$bindingProperties": "<p>The data binding information for the component's properties.</p>"
      }
    },
    "ComponentBindingPropertiesValue": {
      "base": "<p>Represents the data binding configuration for a component at runtime. You can use <code>ComponentBindingPropertiesValue</code> to add exposed properties to a component to allow different values to be entered when a component is reused in different places in an app.</p>",
      "refs": {
        "ComponentBindingProperties$value": null
      }
    },
    "ComponentBindingPropertiesValueProperties": {
      "base": "<p>Represents the data binding configuration for a specific property using data stored in Amazon Web Services. For Amazon Web Services connected properties, you can bind a property to data stored in an Amazon S3 bucket, an Amplify DataStore model or an authenticated user attribute.</p>",
      "refs": {
        "ComponentBindingPropertiesValue$bindingProperties": "<p>Describes the properties to customize with data at runtime.</p>"
      }
    },
    "ComponentChild": {
      "base": "<p>A nested UI configuration within a parent <code>Component</code>.</p>",
      "refs": {
        "ComponentChildList$member": null
      }
    },
    "ComponentChildList": {
      "base": null,
      "refs": {
        "Component$children": "<p>A list of the component's <code>ComponentChild</code> instances.</p>",
        "ComponentChild$children": "<p>The list of <code>ComponentChild</code> instances for this component.</p>",
        "CreateComponentData$children": "<p>A list of child components that are instances of the main component.</p>",
        "UpdateComponentData$children": "<p>The components that are instances of the main component.</p>"
      }
    },
    "ComponentCollectionProperties": {
      "base": null,
      "refs": {
        "Component$collectionProperties": "<p>The data binding configuration for the component's properties. Use this for a collection component. You can't specify <code>tags</code> as a valid property for <code>collectionProperties</code>.</p>",
        "CreateComponentData$collectionProperties": "<p>The data binding configuration for customizing a component's properties. Use this for a collection component.</p>",
        "UpdateComponentData$collectionProperties": "<p>The configuration for binding a component's properties to a data model. Use this for a collection component.</p>"
      }
    },
    "ComponentConditionProperty": {
      "base": "<p>Represents a conditional expression to set a component property. Use <code>ComponentConditionProperty</code> to set a property to different values conditionally, based on the value of another property.</p>",
      "refs": {
        "ComponentProperty$condition": "<p>The conditional expression to use to assign a value to the component property.</p>"
      }
    },
    "ComponentDataConfiguration": {
      "base": "<p>Describes the configuration for binding a component's properties to data.</p>",
      "refs": {
        "ComponentCollectionProperties$value": null
      }
    },
    "ComponentEvent": {
      "base": "<p>Describes the configuration of an event. You can bind an event and a corresponding action to a <code>Component</code> or a <code>ComponentChild</code>. A button click is an example of an event. </p>",
      "refs": {
        "ComponentEvents$value": null
      }
    },
    "ComponentEvents": {
      "base": null,
      "refs": {
        "Component$events": "<p>Describes the events that can be raised on the component. Use for the workflow feature in Amplify Studio that allows you to bind events and actions to components.</p>",
        "ComponentChild$events": "<p>Describes the events that can be raised on the child component. Use for the workflow feature in Amplify Studio that allows you to bind events and actions to components.</p>",
        "CreateComponentData$events": "<p>The event configuration for the component. Use for the workflow feature in Amplify Studio that allows you to bind events and actions to components.</p>",
        "UpdateComponentData$events": "<p>The event configuration for the component. Use for the workflow feature in Amplify Studio that allows you to bind events and actions to components.</p>"
      }
    },
    "ComponentList": {
      "base": null,
      "refs": {
        "ExportComponentsResponse$entities": "<p>Represents the configuration of the exported components.</p>"
      }
    },
    "ComponentName": {
      "base": null,
      "refs": {
        "Component$name": "<p>The name of the component.</p>",
        "ComponentSummary$name": "<p>The name of the component.</p>",
        "CreateComponentData$name": "<p>The name of the component</p>",
        "UpdateComponentData$name": "<p>The name of the component to update.</p>"
      }
    },
    "ComponentOverrides": {
      "base": null,
      "refs": {
        "Component$overrides": "<p>Describes the component's properties that can be overriden in a customized instance of the component. You can't specify <code>tags</code> as a valid property for <code>overrides</code>.</p>",
        "ComponentVariant$overrides": "<p>The properties of the component variant that can be overriden when customizing an instance of the component. You can't specify <code>tags</code> as a valid property for <code>overrides</code>.</p>",
        "CreateComponentData$overrides": "<p>Describes the component properties that can be overriden to customize an instance of the component.</p>",
        "UpdateComponentData$overrides": "<p>Describes the properties that can be overriden to customize the component.</p>"
      }
    },
    "ComponentOverridesValue": {
      "base": null,
      "refs": {
        "ComponentOverrides$value": null
      }
    },
    "ComponentProperties": {
      "base": null,
      "refs": {
        "ActionParameters$fields": "<p>A dictionary of key-value pairs mapping Amplify Studio properties to fields in a data model. Use when the action performs an operation on an Amplify DataStore model.</p>",
        "Component$properties": "<p>Describes the component's properties. You can't specify <code>tags</code> as a valid property for <code>properties</code>.</p>",
        "ComponentChild$properties": "<p>Describes the properties of the child component. You can't specify <code>tags</code> as a valid property for <code>properties</code>.</p>",
        "CreateComponentData$properties": "<p>Describes the component's properties.</p>",
        "UpdateComponentData$properties": "<p>Describes the component's properties.</p>"
      }
    },
    "ComponentProperty": {
      "base": "<p>Describes the configuration for all of a component's properties. Use <code>ComponentProperty</code> to specify the values to render or bind by default.</p>",
      "refs": {
        "ActionParameters$anchor": "<p>The HTML anchor link to the location to open. Specify this value for a navigation action.</p>",
        "ActionParameters$global": "<p>Specifies whether the user should be signed out globally. Specify this value for an auth sign out action.</p>",
        "ActionParameters$id": "<p>The unique ID of the component that the <code>ActionParameters</code> apply to.</p>",
        "ActionParameters$target": "<p>The element within the same component to modify when the action occurs.</p>",
        "ActionParameters$type": "<p>The type of navigation action. Valid values are <code>url</code> and <code>anchor</code>. This value is required for a navigation action.</p>",
        "ActionParameters$url": "<p>The URL to the location to open. Specify this value for a navigation action.</p>",
        "ComponentConditionProperty$else": "<p>The value to assign to the property if the condition is not met.</p>",
        "ComponentConditionProperty$then": "<p>The value to assign to the property if the condition is met.</p>",
        "ComponentProperties$value": null,
        "ComponentPropertyList$member": null,
        "MutationActionSetStateParameter$set": "<p>The state configuration to assign to the property.</p>"
      }
    },
    "ComponentPropertyBindingProperties": {
      "base": "<p>Associates a component property to a binding property. This enables exposed properties on the top level component to propagate data to the component's property values.</p>",
      "refs": {
        "ComponentProperty$bindingProperties": "<p>The information to bind the component property to data at runtime.</p>",
        "ComponentProperty$collectionBindingProperties": "<p>The information to bind the component property to data at runtime. Use this for collection components.</p>"
      }
    },
    "ComponentPropertyList": {
      "base": null,
      "refs": {
        "ComponentProperty$concat": "<p>A list of component properties to concatenate to create the value to assign to this component property.</p>"
      }
    },
    "ComponentSummary": {
      "base": "<p>Contains a summary of a component. This is a read-only data type that is returned by <code>ListComponents</code>.</p>",
      "refs": {
        "ComponentSummaryList$member": null
      }
    },
    "ComponentSummaryList": {
      "base": null,
      "refs": {
        "ListComponentsResponse$entities": "<p>The list of components for the Amplify app.</p>"
      }
    },
    "ComponentType": {
      "base": null,
      "refs": {
        "Component$componentType": "<p>The type of the component. This can be an Amplify custom UI component or another custom component.</p>",
        "ComponentSummary$componentType": "<p>The component type.</p>",
        "CreateComponentData$componentType": "<p>The component type. This can be an Amplify custom UI component or another custom component.</p>",
        "UpdateComponentData$componentType": "<p>The type of the component. This can be an Amplify custom UI component or another custom component.</p>"
      }
    },
    "ComponentVariant": {
      "base": "<p>Describes the style configuration of a unique variation of a main component.</p>",
      "refs": {
        "ComponentVariants$member": null
      }
    },
    "ComponentVariantValues": {
      "base": null,
      "refs": {
        "ComponentVariant$variantValues": "<p>The combination of variants that comprise this variant. You can't specify <code>tags</code> as a valid property for <code>variantValues</code>.</p>"
      }
    },
    "ComponentVariants": {
      "base": null,
      "refs": {
        "Component$variants": "<p>A list of the component's variants. A variant is a unique style configuration of a main component.</p>",
        "CreateComponentData$variants": "<p>A list of the unique variants of this component.</p>",
        "UpdateComponentData$variants": "<p>A list of the unique variants of the main component being updated.</p>"
      }
    },
    "CreateComponentData": {
      "base": "<p>Represents all of the information that is required to create a component.</p>",
      "refs": {
        "CreateComponentRequest$componentToCreate": "<p>Represents the configuration of the component to create.</p>"
      }
    },
    "CreateComponentRequest": {
      "base": null,
      "refs": {
      }
    },
    "CreateComponentResponse": {
      "base": null,
      "refs": {
      }
    },
    "CreateFormData": {
      "base": "<p>Represents all of the information that is required to create a form.</p>",
      "refs": {
        "CreateFormRequest$formToCreate": "<p>Represents the configuration of the form to create.</p>"
      }
    },
    "CreateFormRequest": {
      "base": null,
      "refs": {
      }
    },
    "CreateFormResponse": {
      "base": null,
      "refs": {
      }
    },
    "CreateThemeData": {
      "base": "<p>Represents all of the information that is required to create a theme.</p>",
      "refs": {
        "CreateThemeRequest$themeToCreate": "<p>Represents the configuration of the theme to create.</p>"
      }
    },
    "CreateThemeRequest": {
      "base": null,
      "refs": {
      }
    },
    "CreateThemeResponse": {
      "base": null,
      "refs": {
      }
    },
    "DeleteComponentRequest": {
      "base": null,
      "refs": {
      }
    },
    "DeleteFormRequest": {
      "base": null,
      "refs": {
      }
    },
    "DeleteThemeRequest": {
      "base": null,
      "refs": {
      }
    },
    "ExchangeCodeForTokenRequest": {
      "base": null,
      "refs": {
      }
    },
    "ExchangeCodeForTokenRequestBody": {
      "base": "<p>Describes the configuration of a request to exchange an access code for a token.</p>",
      "refs": {
        "ExchangeCodeForTokenRequest$request": "<p>Describes the configuration of the request.</p>"
      }
    },
    "ExchangeCodeForTokenResponse": {
      "base": null,
      "refs": {
      }
    },
    "ExportComponentsRequest": {
      "base": null,
      "refs": {
      }
    },
    "ExportComponentsResponse": {
      "base": null,
      "refs": {
      }
    },
    "ExportFormsRequest": {
      "base": null,
      "refs": {
      }
    },
    "ExportFormsResponse": {
      "base": null,
      "refs": {
      }
    },
    "ExportThemesRequest": {
      "base": null,
      "refs": {
      }
    },
    "ExportThemesResponse": {
      "base": null,
      "refs": {
      }
    },
    "FeaturesMap": {
      "base": null,
      "refs": {
        "GetMetadataResponse$features": "<p>Represents the configuration settings for the features metadata.</p>"
      }
    },
    "FieldConfig": {
      "base": "<p>Describes the configuration information for a field in a table.</p>",
      "refs": {
        "FieldsMap$value": null
      }
    },
    "FieldInputConfig": {
      "base": "<p>Describes the configuration for the default input values to display for a field.</p>",
      "refs": {
        "FieldConfig$inputType": "<p>Describes the configuration for the default input value to display for a field.</p>"
      }
    },
    "FieldPosition": {
      "base": "<p>Describes the field position.</p>",
      "refs": {
        "FieldConfig$position": "<p>Specifies the field position.</p>",
        "FormButton$position": "<p>The position of the button.</p>",
        "SectionalElement$position": "<p>Specifies the position of the text in a field for a <code>Text</code> sectional element.</p>"
      }
    },
    "FieldValidationConfiguration": {
      "base": "<p>Describes the validation configuration for a field.</p>",
      "refs": {
        "ValidationsList$member": null
      }
    },
    "FieldsMap": {
      "base": null,
      "refs": {
        "CreateFormData$fields": "<p>The configuration information for the form's fields.</p>",
        "Form$fields": "<p>Stores the information about the form's fields.</p>",
        "UpdateFormData$fields": "<p>The configuration information for the form's fields.</p>"
      }
    },
    "FixedPosition": {
      "base": null,
      "refs": {
        "FieldPosition$fixed": "<p>The field position is fixed and doesn't change in relation to other fields.</p>"
      }
    },
    "Float": {
      "base": null,
      "refs": {
        "FieldInputConfig$maxValue": "<p>The maximum value to display for the field.</p>",
        "FieldInputConfig$minValue": "<p>The minimum value to display for the field.</p>",
        "FieldInputConfig$step": "<p>The stepping increment for a numeric value in a field.</p>"
      }
    },
    "Form": {
      "base": "<p>Contains the configuration settings for a <code>Form</code> user interface (UI) element for an Amplify app. A form is a component you can add to your project by specifying a data source as the default configuration for the form.</p>",
      "refs": {
        "CreateFormResponse$entity": "<p>Describes the configuration of the new form.</p>",
        "FormList$member": null,
        "GetFormResponse$form": "<p>Represents the configuration settings for the form.</p>",
        "UpdateFormResponse$entity": "<p>Describes the configuration of the updated form.</p>"
      }
    },
    "FormActionType": {
      "base": null,
      "refs": {
        "CreateFormData$formActionType": "<p>Specifies whether to perform a create or update action on the form.</p>",
        "Form$formActionType": "<p>The operation to perform on the specified form.</p>",
        "FormSummary$formActionType": "<p>The type of operation to perform on the form.</p>",
        "UpdateFormData$formActionType": "<p>Specifies whether to perform a create or update action on the form.</p>"
      }
    },
    "FormBindingElement": {
      "base": "<p>Describes how to bind a component property to form data.</p>",
      "refs": {
        "FormBindings$value": null
      }
    },
    "FormBindings": {
      "base": null,
      "refs": {
        "ComponentProperty$bindings": "<p>The information to bind the component property to form data.</p>"
      }
    },
    "FormButton": {
      "base": "<p>Describes the configuration for a button UI element that is a part of a form.</p>",
      "refs": {
        "FormCTA$cancel": "<p>Displays a cancel button.</p>",
        "FormCTA$clear": "<p>Displays a clear button.</p>",
        "FormCTA$submit": "<p>Displays a submit button.</p>"
      }
    },
    "FormButtonsPosition": {
      "base": null,
      "refs": {
        "FormCTA$position": "<p>The position of the button.</p>"
      }
    },
    "FormCTA": {
      "base": "<p>Describes the call to action button configuration for the form.</p>",
      "refs": {
        "CreateFormData$cta": "<p>The <code>FormCTA</code> object that stores the call to action configuration for the form.</p>",
        "Form$cta": "<p>Stores the call to action configuration for the form.</p>",
        "UpdateFormData$cta": "<p>The <code>FormCTA</code> object that stores the call to action configuration for the form.</p>"
      }
    },
    "FormDataSourceType": {
      "base": null,
      "refs": {
        "FormDataTypeConfig$dataSourceType": "<p>The data source type, either an Amplify DataStore model or a custom data type.</p>"
      }
    },
    "FormDataTypeConfig": {
      "base": "<p>Describes the data type configuration for the data source associated with a form.</p>",
      "refs": {
        "CreateFormData$dataType": "<p>The type of data source to use to create the form.</p>",
        "Form$dataType": "<p>The type of data source to use to create the form.</p>",
        "FormSummary$dataType": "<p>The form's data source type.</p>",
        "UpdateFormData$dataType": "<p>The type of data source to use to create the form.</p>"
      }
    },
    "FormInputValueProperty": {
      "base": "<p>Describes the configuration for an input field on a form. Use <code>FormInputValueProperty</code> to specify the values to render or bind by default.</p>",
      "refs": {
        "ValueMapping$displayValue": "<p>The value to display for the complex object.</p>",
        "ValueMapping$value": "<p>The complex object.</p>"
      }
    },
    "FormList": {
      "base": null,
      "refs": {
        "ExportFormsResponse$entities": "<p>Represents the configuration of the exported forms.</p>"
      }
    },
    "FormName": {
      "base": null,
      "refs": {
        "CreateFormData$name": "<p>The name of the form.</p>",
        "Form$name": "<p>The name of the form.</p>",
        "FormSummary$name": "<p>The name of the form.</p>",
        "UpdateFormData$name": "<p>The name of the form.</p>"
      }
    },
    "FormStyle": {
      "base": "<p>Describes the configuration for the form's style.</p>",
      "refs": {
        "CreateFormData$style": "<p>The configuration for the form's style.</p>",
        "Form$style": "<p>Stores the configuration for the form's style.</p>",
        "UpdateFormData$style": "<p>The configuration for the form's style.</p>"
      }
    },
    "FormStyleConfig": {
      "base": "<p>Describes the configuration settings for the form's style properties.</p>",
      "refs": {
        "FormStyle$horizontalGap": "<p>The spacing for the horizontal gap.</p>",
        "FormStyle$outerPadding": "<p>The size of the outer padding for the form.</p>",
        "FormStyle$verticalGap": "<p>The spacing for the vertical gap.</p>"
      }
    },
    "FormSummary": {
      "base": "<p>Describes the basic information about a form.</p>",
      "refs": {
        "FormSummaryList$member": null
      }
    },
    "FormSummaryList": {
      "base": null,
      "refs": {
        "ListFormsResponse$entities": "<p>The list of forms for the Amplify app.</p>"
      }
    },
    "GetComponentRequest": {
      "base": null,
      "refs": {
      }
    },
    "GetComponentResponse": {
      "base": null,
      "refs": {
      }
    },
    "GetFormRequest": {
      "base": null,
      "refs": {
      }
    },
    "GetFormResponse": {
      "base": null,
      "refs": {
      }
    },
    "GetMetadataRequest": {
      "base": null,
      "refs": {
      }
    },
    "GetMetadataResponse": {
      "base": null,
      "refs": {
      }
    },
    "GetThemeRequest": {
      "base": null,
      "refs": {
      }
    },
    "GetThemeResponse": {
      "base": null,
      "refs": {
      }
    },
    "IdentifierList": {
      "base": null,
      "refs": {
        "ComponentDataConfiguration$identifiers": "<p>A list of IDs to use to bind data to a component. Use this property to bind specifically chosen data, rather than data retrieved from a query.</p>"
      }
    },
    "Integer": {
      "base": null,
      "refs": {
        "ExchangeCodeForTokenResponse$expiresIn": "<p>The date and time when the new access token expires.</p>",
        "NumValues$member": null,
        "RefreshTokenResponse$expiresIn": "<p>The date and time when the new access token expires.</p>",
        "SectionalElement$level": "<p>Specifies the size of the font for a <code>Heading</code> sectional element. Valid values are <code>1 | 2 | 3 | 4 | 5 | 6</code>.</p>"
      }
    },
    "InternalServerException": {
      "base": "<p>An internal error has occurred. Please retry your request.</p>",
      "refs": {
      }
    },
    "InvalidParameterException": {
      "base": "<p>An invalid or out-of-range value was supplied for the input parameter.</p>",
      "refs": {
      }
    },
    "ListComponentsLimit": {
      "base": null,
      "refs": {
        "ListComponentsRequest$maxResults": "<p>The maximum number of components to retrieve.</p>"
      }
    },
    "ListComponentsRequest": {
      "base": null,
      "refs": {
      }
    },
    "ListComponentsResponse": {
      "base": null,
      "refs": {
      }
    },
    "ListFormsLimit": {
      "base": null,
      "refs": {
        "ListFormsRequest$maxResults": "<p>The maximum number of forms to retrieve.</p>"
      }
    },
    "ListFormsRequest": {
      "base": null,
      "refs": {
      }
    },
    "ListFormsResponse": {
      "base": null,
      "refs": {
      }
    },
    "ListThemesLimit": {
      "base": null,
      "refs": {
        "ListThemesRequest$maxResults": "<p>The maximum number of theme results to return in the response.</p>"
      }
    },
    "ListThemesRequest": {
      "base": null,
      "refs": {
      }
    },
    "ListThemesResponse": {
      "base": null,
      "refs": {
      }
    },
    "MutationActionSetStateParameter": {
      "base": "<p>Represents the state configuration when an action modifies a property of another element within the same component.</p>",
      "refs": {
        "ActionParameters$state": "<p>A key-value pair that specifies the state property name and its initial value.</p>"
      }
    },
    "NumValues": {
      "base": null,
      "refs": {
        "FieldValidationConfiguration$numValues": "<p>The validation to perform on a number value.</p>"
      }
    },
    "Predicate": {
      "base": "<p>Stores information for generating Amplify DataStore queries. Use a <code>Predicate</code> to retrieve a subset of the data in a collection.</p>",
      "refs": {
        "ComponentDataConfiguration$predicate": "<p>Represents the conditional logic to use when binding data to a component. Use this property to retrieve only a subset of the data in a collection.</p>",
        "PredicateList$member": null
      }
    },
    "PredicateList": {
      "base": null,
      "refs": {
        "ComponentBindingPropertiesValueProperties$predicates": "<p>A list of predicates for binding a component's properties to data.</p>",
        "Predicate$and": "<p>A list of predicates to combine logically.</p>",
        "Predicate$or": "<p>A list of predicates to combine logically.</p>"
      }
    },
    "PutMetadataFlagBody": {
      "base": "<p>Stores the metadata information about a feature on a form or view.</p>",
      "refs": {
        "PutMetadataFlagRequest$body": "<p>The metadata information to store.</p>"
      }
    },
    "PutMetadataFlagRequest": {
      "base": null,
      "refs": {
      }
    },
    "RefreshTokenRequest": {
      "base": null,
      "refs": {
      }
    },
    "RefreshTokenRequestBody": {
      "base": "<p>Describes a refresh token.</p>",
      "refs": {
        "RefreshTokenRequest$refreshTokenBody": "<p>Information about the refresh token request.</p>"
      }
    },
    "RefreshTokenResponse": {
      "base": null,
      "refs": {
      }
    },
    "ResourceConflictException": {
      "base": "<p>The resource specified in the request conflicts with an existing resource.</p>",
      "refs": {
      }
    },
    "ResourceNotFoundException": {
      "base": "<p>The requested resource does not exist, or access was denied.</p>",
      "refs": {
      }
    },
    "SectionalElement": {
      "base": "<p>Stores the configuration information for a visual helper element for a form. A sectional element can be a header, a text block, or a divider. These elements are static and not associated with any data.</p>",
      "refs": {
        "SectionalElementMap$value": null
      }
    },
    "SectionalElementMap": {
      "base": null,
      "refs": {
        "CreateFormData$sectionalElements": "<p>The configuration information for the visual helper elements for the form. These elements are not associated with any data.</p>",
        "Form$sectionalElements": "<p>Stores the visual helper elements for the form that are not associated with any data.</p>",
        "UpdateFormData$sectionalElements": "<p>The configuration information for the visual helper elements for the form. These elements are not associated with any data.</p>"
      }
    },
    "SensitiveString": {
      "base": null,
      "refs": {
        "ExchangeCodeForTokenRequestBody$code": "<p>The access code to send in the request.</p>",
        "ExchangeCodeForTokenResponse$accessToken": "<p>The access token.</p>",
        "ExchangeCodeForTokenResponse$refreshToken": "<p>The token to use to refresh a previously issued access token that might have expired.</p>",
        "RefreshTokenRequestBody$token": "<p>The token to use to refresh a previously issued access token that might have expired.</p>",
        "RefreshTokenResponse$accessToken": "<p>The access token.</p>"
      }
    },
    "ServiceQuotaExceededException": {
      "base": "<p>You exceeded your service quota. Service quotas, also referred to as limits, are the maximum number of service resources or operations for your Amazon Web Services account. </p>",
      "refs": {
      }
    },
    "SortDirection": {
      "base": null,
      "refs": {
        "SortProperty$direction": "<p>The direction of the sort, either ascending or descending.</p>"
      }
    },
    "SortProperty": {
      "base": "<p>Describes how to sort the data that you bind to a component.</p>",
      "refs": {
        "SortPropertyList$member": null
      }
    },
    "SortPropertyList": {
      "base": null,
      "refs": {
        "ComponentDataConfiguration$sort": "<p>Describes how to sort the component's properties.</p>"
      }
    },
    "StrValues": {
      "base": null,
      "refs": {
        "FieldValidationConfiguration$strValues": "<p>The validation to perform on a string value.</p>"
      }
    },
    "String": {
      "base": null,
      "refs": {
        "ActionParameters$model": "<p>The name of the data model. Use when the action performs an operation on an Amplify DataStore model.</p>",
        "Component$appId": "<p>The unique ID of the Amplify app associated with the component.</p>",
        "Component$environmentName": "<p>The name of the backend environment that is a part of the Amplify app.</p>",
        "Component$schemaVersion": "<p>The schema version of the component when it was imported.</p>",
        "Component$sourceId": "<p>The unique ID of the component in its original source system, such as Figma.</p>",
        "ComponentBindingProperties$key": null,
        "ComponentBindingPropertiesValue$defaultValue": "<p>The default value of the property.</p>",
        "ComponentBindingPropertiesValue$type": "<p>The property type.</p>",
        "ComponentBindingPropertiesValueProperties$bucket": "<p>An Amazon S3 bucket.</p>",
        "ComponentBindingPropertiesValueProperties$defaultValue": "<p>The default value to assign to the property.</p>",
        "ComponentBindingPropertiesValueProperties$field": "<p>The field to bind the data to.</p>",
        "ComponentBindingPropertiesValueProperties$key": "<p>The storage key for an Amazon S3 bucket.</p>",
        "ComponentBindingPropertiesValueProperties$model": "<p>An Amplify DataStore model.</p>",
        "ComponentBindingPropertiesValueProperties$slotName": "<p>The name of a component slot.</p>",
        "ComponentBindingPropertiesValueProperties$userAttribute": "<p>An authenticated user attribute.</p>",
        "ComponentChild$componentType": "<p>The type of the child component. </p>",
        "ComponentChild$name": "<p>The name of the child component.</p>",
        "ComponentChild$sourceId": "<p>The unique ID of the child component in its original source system, such as Figma.</p>",
        "ComponentCollectionProperties$key": null,
        "ComponentConditionProperty$field": "<p>The name of a field. Specify this when the property is a data model.</p>",
        "ComponentConditionProperty$operand": "<p>The value of the property to evaluate.</p>",
        "ComponentConditionProperty$operandType": "<p>The type of the property to evaluate.</p>",
        "ComponentConditionProperty$operator": "<p>The operator to use to perform the evaluation, such as <code>eq</code> to represent equals.</p>",
        "ComponentConditionProperty$property": "<p>The name of the conditional property.</p>",
        "ComponentDataConfiguration$model": "<p>The name of the data model to use to bind data to a component.</p>",
        "ComponentEvent$action": "<p>The action to perform when a specific event is raised.</p>",
        "ComponentEvent$bindingEvent": "<p>Binds an event to an action on a component. When you specify a <code>bindingEvent</code>, the event is called when the action is performed.</p>",
        "ComponentEvents$key": null,
        "ComponentOverrides$key": null,
        "ComponentOverridesValue$key": null,
        "ComponentOverridesValue$value": null,
        "ComponentProperties$key": null,
        "ComponentProperty$componentName": "<p>The name of the component that is affected by an event.</p>",
        "ComponentProperty$defaultValue": "<p>The default value to assign to the component property.</p>",
        "ComponentProperty$event": "<p>An event that occurs in your app. Use this for workflow data binding.</p>",
        "ComponentProperty$importedValue": "<p>The default value assigned to the property when the component is imported into an app.</p>",
        "ComponentProperty$model": "<p>The data model to use to assign a value to the component property.</p>",
        "ComponentProperty$property": "<p>The name of the component's property that is affected by an event.</p>",
        "ComponentProperty$type": "<p>The component type.</p>",
        "ComponentProperty$userAttribute": "<p>An authenticated user attribute to use to assign a value to the component property.</p>",
        "ComponentProperty$value": "<p>The value to assign to the component property.</p>",
        "ComponentPropertyBindingProperties$field": "<p>The data field to bind the property to.</p>",
        "ComponentPropertyBindingProperties$property": "<p>The component property to bind to the data field.</p>",
        "ComponentSummary$appId": "<p>The unique ID of the Amplify app associated with the component.</p>",
        "ComponentSummary$environmentName": "<p>The name of the backend environment that is a part of the Amplify app.</p>",
        "ComponentVariantValues$key": null,
        "ComponentVariantValues$value": null,
        "CreateComponentData$schemaVersion": "<p>The schema version of the component when it was imported.</p>",
        "CreateComponentData$sourceId": "<p>The unique ID of the component in its original source system, such as Figma.</p>",
        "CreateComponentRequest$appId": "<p>The unique ID of the Amplify app to associate with the component.</p>",
        "CreateComponentRequest$clientToken": "<p>The unique client token.</p>",
        "CreateComponentRequest$environmentName": "<p>The name of the backend environment that is a part of the Amplify app.</p>",
        "CreateFormData$schemaVersion": "<p>The schema version of the form.</p>",
        "CreateFormRequest$appId": "<p>The unique ID of the Amplify app to associate with the form.</p>",
        "CreateFormRequest$clientToken": "<p>The unique client token.</p>",
        "CreateFormRequest$environmentName": "<p>The name of the backend environment that is a part of the Amplify app.</p>",
        "CreateThemeRequest$appId": "<p>The unique ID of the Amplify app associated with the theme.</p>",
        "CreateThemeRequest$clientToken": "<p>The unique client token.</p>",
        "CreateThemeRequest$environmentName": "<p>The name of the backend environment that is a part of the Amplify app.</p>",
        "DeleteComponentRequest$appId": "<p>The unique ID of the Amplify app associated with the component to delete.</p>",
        "DeleteComponentRequest$environmentName": "<p>The name of the backend environment that is a part of the Amplify app.</p>",
        "DeleteFormRequest$appId": "<p>The unique ID of the Amplify app associated with the form to delete.</p>",
        "DeleteFormRequest$environmentName": "<p>The name of the backend environment that is a part of the Amplify app.</p>",
        "DeleteThemeRequest$appId": "<p>The unique ID of the Amplify app associated with the theme to delete.</p>",
        "DeleteThemeRequest$environmentName": "<p>The name of the backend environment that is a part of the Amplify app.</p>",
        "ExchangeCodeForTokenRequestBody$redirectUri": "<p>The location of the application that will receive the access code.</p>",
        "ExportComponentsRequest$appId": "<p>The unique ID of the Amplify app to export components to.</p>",
        "ExportComponentsRequest$environmentName": "<p>The name of the backend environment that is a part of the Amplify app.</p>",
        "ExportComponentsRequest$nextToken": "<p>The token to request the next page of results.</p>",
        "ExportComponentsResponse$nextToken": "<p>The pagination token that's included if more results are available.</p>",
        "ExportFormsRequest$appId": "<p>The unique ID of the Amplify app to export forms to.</p>",
        "ExportFormsRequest$environmentName": "<p>The name of the backend environment that is a part of the Amplify app.</p>",
        "ExportFormsRequest$nextToken": "<p>The token to request the next page of results.</p>",
        "ExportFormsResponse$nextToken": "<p>The pagination token that's included if more results are available.</p>",
        "ExportThemesRequest$appId": "<p>The unique ID of the Amplify app to export the themes to.</p>",
        "ExportThemesRequest$environmentName": "<p>The name of the backend environment that is part of the Amplify app.</p>",
        "ExportThemesRequest$nextToken": "<p>The token to request the next page of results.</p>",
        "ExportThemesResponse$nextToken": "<p>The pagination token that's included if more results are available.</p>",
        "FeaturesMap$key": null,
        "FeaturesMap$value": null,
        "FieldConfig$label": "<p>The label for the field.</p>",
        "FieldInputConfig$defaultCountryCode": "<p>The default country code for a phone number.</p>",
        "FieldInputConfig$defaultValue": "<p>The default value for the field.</p>",
        "FieldInputConfig$descriptiveText": "<p>The text to display to describe the field.</p>",
        "FieldInputConfig$name": "<p>The name of the field.</p>",
        "FieldInputConfig$placeholder": "<p>The text to display as a placeholder for the field.</p>",
        "FieldInputConfig$type": "<p>The input type for the field. </p>",
        "FieldInputConfig$value": "<p>The value for the field.</p>",
        "FieldPosition$below": "<p>The field position is below the field specified by the string.</p>",
        "FieldPosition$rightOf": "<p>The field position is to the right of the field specified by the string.</p>",
        "FieldValidationConfiguration$type": "<p>The validation to perform on an object type.<code/> </p>",
        "FieldValidationConfiguration$validationMessage": "<p>The validation message to display.</p>",
        "FieldsMap$key": null,
        "Form$appId": "<p>The unique ID of the Amplify app associated with the form.</p>",
        "Form$environmentName": "<p>The name of the backend environment that is a part of the Amplify app.</p>",
        "Form$schemaVersion": "<p>The schema version of the form when it was imported.</p>",
        "FormBindingElement$element": "<p>The name of the component to retrieve a value from.</p>",
        "FormBindingElement$property": "<p>The property to retrieve a value from.</p>",
        "FormBindings$key": null,
        "FormButton$children": "<p>Describes the button's properties.</p>",
        "FormDataTypeConfig$dataTypeName": "<p>The unique name of the data type you are using as the data source for the form.</p>",
        "FormInputValueProperty$value": "<p>The value to assign to the input field.</p>",
        "FormStyleConfig$tokenReference": "<p>A reference to a design token to use to bind the form's style properties to an existing theme.</p>",
        "FormStyleConfig$value": "<p>The value of the style setting.</p>",
        "FormSummary$appId": "<p>The unique ID for the app associated with the form summary.</p>",
        "FormSummary$environmentName": "<p>The name of the backend environment that is part of the Amplify app.</p>",
        "GetComponentRequest$appId": "<p>The unique ID of the Amplify app.</p>",
        "GetComponentRequest$environmentName": "<p>The name of the backend environment that is part of the Amplify app.</p>",
        "GetFormRequest$appId": "<p>The unique ID of the Amplify app.</p>",
        "GetFormRequest$environmentName": "<p>The name of the backend environment that is part of the Amplify app.</p>",
        "GetMetadataRequest$appId": "<p>The unique ID of the Amplify app.</p>",
        "GetMetadataRequest$environmentName": "<p>The name of the backend environment that is part of the Amplify app.</p>",
        "GetThemeRequest$appId": "<p>The unique ID of the Amplify app.</p>",
        "GetThemeRequest$environmentName": "<p>The name of the backend environment that is part of the Amplify app.</p>",
        "IdentifierList$member": null,
        "InternalServerException$message": null,
        "InvalidParameterException$message": null,
        "ListComponentsRequest$appId": "<p>The unique ID for the Amplify app.</p>",
        "ListComponentsRequest$environmentName": "<p>The name of the backend environment that is a part of the Amplify app.</p>",
        "ListComponentsRequest$nextToken": "<p>The token to request the next page of results.</p>",
        "ListComponentsResponse$nextToken": "<p>The pagination token that's included if more results are available.</p>",
        "ListFormsRequest$appId": "<p>The unique ID for the Amplify app.</p>",
        "ListFormsRequest$environmentName": "<p>The name of the backend environment that is a part of the Amplify app.</p>",
        "ListFormsRequest$nextToken": "<p>The token to request the next page of results.</p>",
        "ListFormsResponse$nextToken": "<p>The pagination token that's included if more results are available.</p>",
        "ListThemesRequest$appId": "<p>The unique ID for the Amplify app.</p>",
        "ListThemesRequest$environmentName": "<p>The name of the backend environment that is a part of the Amplify app.</p>",
        "ListThemesRequest$nextToken": "<p>The token to request the next page of results.</p>",
        "ListThemesResponse$nextToken": "<p>The pagination token that's returned if more results are available.</p>",
        "MutationActionSetStateParameter$componentName": "<p>The name of the component that is being modified.</p>",
        "MutationActionSetStateParameter$property": "<p>The name of the component property to apply the state configuration to.</p>",
        "Predicate$field": "<p>The field to query.</p>",
        "Predicate$operand": "<p>The value to use when performing the evaluation.</p>",
        "Predicate$operator": "<p>The operator to use to perform the evaluation.</p>",
        "PutMetadataFlagBody$newValue": "<p>The new information to store.</p>",
        "PutMetadataFlagRequest$appId": "<p>The unique ID for the Amplify app.</p>",
        "PutMetadataFlagRequest$environmentName": "<p>The name of the backend environment that is part of the Amplify app.</p>",
        "PutMetadataFlagRequest$featureName": "<p>The name of the feature associated with the metadata.</p>",
        "ResourceConflictException$message": null,
        "ResourceNotFoundException$message": null,
        "SectionalElement$orientation": "<p>Specifies the orientation for a <code>Divider</code> sectional element. Valid values are <code>horizontal</code> or <code>vertical</code>.</p>",
        "SectionalElement$text": "<p>The text for a <code>Text</code> sectional element.</p>",
        "SectionalElement$type": "<p>The type of sectional element. Valid values are <code>Heading</code>, <code>Text</code>, and <code>Divider</code>.</p>",
        "SectionalElementMap$key": null,
        "ServiceQuotaExceededException$message": null,
        "SortProperty$field": "<p>The field to perform the sort on.</p>",
        "StrValues$member": null,
        "Theme$appId": "<p>The unique ID for the Amplify app associated with the theme.</p>",
        "Theme$environmentName": "<p>The name of the backend environment that is a part of the Amplify app.</p>",
        "ThemeSummary$appId": "<p>The unique ID for the app associated with the theme summary.</p>",
        "ThemeSummary$environmentName": "<p>The name of the backend environment that is part of the Amplify app.</p>",
        "ThemeValue$value": "<p>The value of a theme property.</p>",
        "ThemeValues$key": "<p>The name of the property.</p>",
        "UnauthorizedException$message": null,
        "UpdateComponentData$schemaVersion": "<p>The schema version of the component when it was imported.</p>",
        "UpdateComponentData$sourceId": "<p>The unique ID of the component in its original source system, such as Figma.</p>",
        "UpdateComponentRequest$appId": "<p>The unique ID for the Amplify app.</p>",
        "UpdateComponentRequest$clientToken": "<p>The unique client token.</p>",
        "UpdateComponentRequest$environmentName": "<p>The name of the backend environment that is part of the Amplify app.</p>",
        "UpdateFormData$schemaVersion": "<p>The schema version of the form.</p>",
        "UpdateFormRequest$appId": "<p>The unique ID for the Amplify app.</p>",
        "UpdateFormRequest$clientToken": "<p>The unique client token.</p>",
        "UpdateFormRequest$environmentName": "<p>The name of the backend environment that is part of the Amplify app.</p>",
        "UpdateThemeRequest$appId": "<p>The unique ID for the Amplify app.</p>",
        "UpdateThemeRequest$clientToken": "<p>The unique client token.</p>",
        "UpdateThemeRequest$environmentName": "<p>The name of the backend environment that is part of the Amplify app.</p>"
      }
    },
    "SyntheticTimestamp_date_time": {
      "base": null,
      "refs": {
        "Component$createdAt": "<p>The time that the component was created.</p>",
        "Component$modifiedAt": "<p>The time that the component was modified.</p>",
        "Theme$createdAt": "<p>The time that the theme was created.</p>",
        "Theme$modifiedAt": "<p>The time that the theme was modified.</p>"
      }
    },
    "TagKey": {
      "base": null,
      "refs": {
        "Tags$key": null
      }
    },
    "TagValue": {
      "base": null,
      "refs": {
        "Tags$value": null
      }
    },
    "Tags": {
      "base": null,
      "refs": {
        "Component$tags": "<p>One or more key-value pairs to use when tagging the component.</p>",
        "CreateComponentData$tags": "<p>One or more key-value pairs to use when tagging the component data.</p>",
        "CreateFormData$tags": "<p>One or more key-value pairs to use when tagging the form data.</p>",
        "CreateThemeData$tags": "<p>One or more key-value pairs to use when tagging the theme data.</p>",
        "Form$tags": "<p>One or more key-value pairs to use when tagging the form.</p>",
        "Theme$tags": "<p>One or more key-value pairs to use when tagging the theme.</p>"
      }
    },
    "Theme": {
      "base": "<p>A theme is a collection of style settings that apply globally to the components associated with an Amplify application.</p>",
      "refs": {
        "CreateThemeResponse$entity": "<p>Describes the configuration of the new theme.</p>",
        "GetThemeResponse$theme": "<p>Represents the configuration settings for the theme.</p>",
        "ThemeList$member": null,
        "UpdateThemeResponse$entity": "<p>Describes the configuration of the updated theme.</p>"
      }
    },
    "ThemeList": {
      "base": null,
      "refs": {
        "ExportThemesResponse$entities": "<p>Represents the configuration of the exported themes.</p>"
      }
    },
    "ThemeName": {
      "base": null,
      "refs": {
        "CreateThemeData$name": "<p>The name of the theme.</p>",
        "Theme$name": "<p>The name of the theme.</p>",
        "ThemeSummary$name": "<p>The name of the theme.</p>",
        "UpdateThemeData$name": "<p>The name of the theme to update.</p>"
      }
    },
    "ThemeSummary": {
      "base": "<p>Describes the basic information about a theme.</p>",
      "refs": {
        "ThemeSummaryList$member": null
      }
    },
    "ThemeSummaryList": {
      "base": null,
      "refs": {
        "ListThemesResponse$entities": "<p>The list of themes for the Amplify app.</p>"
      }
    },
    "ThemeValue": {
      "base": "<p>Describes the configuration of a theme's properties.</p>",
      "refs": {
        "ThemeValues$value": "<p>The value of the property.</p>"
      }
    },
    "ThemeValues": {
      "base": "<p>A key-value pair that defines a property of a theme.</p>",
      "refs": {
        "ThemeValuesList$member": null
      }
    },
    "ThemeValuesList": {
      "base": null,
      "refs": {
        "CreateThemeData$overrides": "<p>Describes the properties that can be overriden to customize an instance of the theme.</p>",
        "CreateThemeData$values": "<p>A list of key-value pairs that deﬁnes the properties of the theme.</p>",
        "Theme$overrides": "<p>Describes the properties that can be overriden to customize a theme.</p>",
        "Theme$values": "<p>A list of key-value pairs that defines the properties of the theme.</p>",
        "ThemeValue$children": "<p>A list of key-value pairs that define the theme's properties.</p>",
        "UpdateThemeData$overrides": "<p>Describes the properties that can be overriden to customize the theme.</p>",
        "UpdateThemeData$values": "<p>A list of key-value pairs that define the theme's properties.</p>"
      }
    },
    "TokenProviders": {
      "base": null,
      "refs": {
        "ExchangeCodeForTokenRequest$provider": "<p>The third-party provider for the token. The only valid value is <code>figma</code>.</p>",
        "RefreshTokenRequest$provider": "<p>The third-party provider for the token. The only valid value is <code>figma</code>.</p>"
      }
    },
    "UnauthorizedException": {
      "base": "<p>You don't have permission to perform this operation.</p>",
      "refs": {
      }
    },
    "UpdateComponentData": {
      "base": "<p>Updates and saves all of the information about a component, based on component ID.</p>",
      "refs": {
        "UpdateComponentRequest$updatedComponent": "<p>The configuration of the updated component.</p>"
      }
    },
    "UpdateComponentRequest": {
      "base": null,
      "refs": {
      }
    },
    "UpdateComponentResponse": {
      "base": null,
      "refs": {
      }
    },
    "UpdateFormData": {
      "base": "<p>Updates and saves all of the information about a form, based on form ID.</p>",
      "refs": {
        "UpdateFormRequest$updatedForm": "<p>The request accepts the following data in JSON format.</p>"
      }
    },
    "UpdateFormRequest": {
      "base": null,
      "refs": {
      }
    },
    "UpdateFormResponse": {
      "base": null,
      "refs": {
      }
    },
    "UpdateThemeData": {
      "base": "<p>Saves the data binding information for a theme.</p>",
      "refs": {
        "UpdateThemeRequest$updatedTheme": "<p>The configuration of the updated theme.</p>"
      }
    },
    "UpdateThemeRequest": {
      "base": null,
      "refs": {
      }
    },
    "UpdateThemeResponse": {
      "base": null,
      "refs": {
      }
    },
    "Uuid": {
      "base": null,
      "refs": {
        "Component$id": "<p>The unique ID of the component.</p>",
        "ComponentSummary$id": "<p>The unique ID of the component.</p>",
        "DeleteComponentRequest$id": "<p>The unique ID of the component to delete.</p>",
        "DeleteFormRequest$id": "<p>The unique ID of the form to delete.</p>",
        "DeleteThemeRequest$id": "<p>The unique ID of the theme to delete.</p>",
        "Form$id": "<p>The unique ID of the form.</p>",
        "FormSummary$id": "<p>The ID of the form.</p>",
        "GetComponentRequest$id": "<p>The unique ID of the component.</p>",
        "GetFormRequest$id": "<p>The unique ID of the form.</p>",
        "GetThemeRequest$id": "<p>The unique ID for the theme.</p>",
        "Theme$id": "<p>The ID for the theme.</p>",
        "ThemeSummary$id": "<p>The ID of the theme.</p>",
        "UpdateComponentData$id": "<p>The unique ID of the component to update.</p>",
        "UpdateComponentRequest$id": "<p>The unique ID for the component.</p>",
        "UpdateFormRequest$id": "<p>The unique ID for the form.</p>",
        "UpdateThemeData$id": "<p>The unique ID of the theme to update.</p>",
        "UpdateThemeRequest$id": "<p>The unique ID for the theme.</p>"
      }
    },
    "ValidationsList": {
      "base": null,
      "refs": {
        "FieldConfig$validations": "<p>The validations to perform on the value in the field.</p>"
      }
    },
    "ValueMapping": {
      "base": "<p>Associates a complex object with a display value. Use <code>ValueMapping</code> to store how to represent complex objects when they are displayed.</p>",
      "refs": {
        "ValueMappingList$member": null
      }
    },
    "ValueMappingList": {
      "base": null,
      "refs": {
        "ValueMappings$values": "<p>The value and display value pairs.</p>"
      }
    },
    "ValueMappings": {
      "base": "<p>Represents the data binding configuration for a value map.</p>",
      "refs": {
        "FieldInputConfig$valueMappings": "<p>The information to use to customize the input fields with data at runtime.</p>"
      }
    }
  }
}
